month,strategy_id,n,mean_pct,median_pct,win_pct
2026-07,CORE,95,1.3709455067699958,2.366277790006599,69.47368421052632
2026-08,CORE,339,1.1479515732859704,1.4615384615384475,58.99705014749262
2026-09,CORE,211,-0.7284421469828872,-0.01456452082725379,49.28909952606635
2026-09,DARK_HORSE,28,0.43702787540004584,0.11105224481178788,50.0
2026-09,FIRST_SEEN_UNATTRIBUTED,979,-1.3875417271156045,-1.358795446199046,40.44943820224719
2026-09,LOTTERY_BOARD_CATALYST_RUNNER,2,-7.863436123348016,-7.863436123348016,0.0
2026-09,LOTTERY_BOARD_DAY2_CONTINUATION,555,-1.8753201787331557,-6.473594548551953,34.054054054054056
2026-09,LOTTERY_BOARD_SIGNAL_CONFLUENCE,573,-0.39742087718135444,-0.6797881590388077,44.50261780104712
2026-09,LOTTERY_BOARD_UNCLASSIFIED,2564,-0.5394270334672925,-0.8364868281926507,42.43369734789392
2026-09,MAX_CONVICTION,33,1.4453290699874328,2.8782399035563566,63.63636363636363
2026-09,NARRATIVE_LOCK,9,7.184291270657125,5.000000000000004,88.88888888888889
2026-09,earnings_calendar,163,-0.8550289535900646,-0.588235294117645,45.39877300613497
2026-09,earnings_core_overlap,148,-0.7740367098356989,0.07091251988977643,50.67567567567568
2026-09,lottery_catalyst_runner,2,-7.863436123348016,-7.863436123348016,0.0
2026-09,lottery_day2_continuation,94,-1.2825846086552624,-9.999999999999998,23.404255319148938
2026-09,lottery_dilution_read,72,-1.3371814870064611,-2.7366823667520856,43.05555555555556
2026-09,options_breakout_call,572,-0.03376110211481711,-0.09362048576433413,48.6013986013986
2026-09,options_event_defined_risk,4,-2.3340688284835958,-4.533083394431148,25.0
2026-09,options_leaps_trend,47,0.7406022326846904,0.6721032350569089,59.57446808510638
2026-09,options_tactical_momentum_call,794,-0.5060774379117104,-0.4705791550400573,43.702770780856426
2026-09,pharma_calendar,26,-4.287996758648171,-6.936685337317705,26.923076923076923
2026-10,CORE,8,1.0115767661658517,-0.146699369559794,50.0
2026-10,FIRST_SEEN_UNATTRIBUTED,2,-1.534980092857685,-1.534980092857685,0.0
2026-10,LOTTERY_BOARD_DAY2_CONTINUATION,33,2.644432035470456,1.9569471624266255,54.54545454545454
2026-10,LOTTERY_BOARD_SIGNAL_CONFLUENCE,37,-0.4323798095689571,-0.3195197521301263,40.54054054054054
2026-10,LOTTERY_BOARD_UNCLASSIFIED,173,-0.5865729654654754,-0.39999999999998925,47.398843930635834
2026-10,MAX_CONVICTION,5,4.3748489981749845,2.2768670309653904,80.0
2026-10,earnings_calendar,2,-6.629246459754934,-6.629246459754934,0.0
2026-10,earnings_core_overlap,6,-0.6531562500550481,-1.534980092857685,33.33333333333333
2026-10,lottery_day2_continuation,4,-6.250000000000003,-10.000000000000004,25.0
2026-10,lottery_dilution_read,3,-1.068415936118087,2.5288791757727136,66.66666666666666
2026-10,options_breakout_call,25,3.103807360576475,2.3514851485148425,76.0
2026-10,options_leaps_trend,10,3.305951212562539,3.114981695085195,90.0
2026-10,options_tactical_momentum_call,54,1.5417498784766868,1.7981506797296376,64.81481481481481
2026-10,pharma_calendar,1,-4.043452021726002,-4.043452021726002,0.0
