strategy_id,partition,signals,n,mean_pct,median_pct,win_pct
CORE,holdout,unknown,140,-0.13625531283731665,-0.25250050465100426,48.57142857142857
CORE,purged,unknown,203,-0.5383975577300917,0.3585397653194322,53.69458128078818
CORE,train,unknown,310,1.6198618568369811,2.093685554355307,63.54838709677419
DARK_HORSE,holdout,unknown,25,0.5209300232861827,0.7532122286220577,52.0
DARK_HORSE,purged,unknown,3,-0.2621566903177608,-2.23948811700182,33.33333333333333
FIRST_SEEN_UNATTRIBUTED,holdout,unknown,220,-0.20271236831608538,-1.2500883986626798,43.18181818181818
FIRST_SEEN_UNATTRIBUTED,purged,unknown,761,-1.7304554402133423,-1.388888888888895,39.55321944809461
LOTTERY_BOARD_CATALYST_RUNNER,purged,3,1,-9.999999999999998,-9.999999999999998,0.0
LOTTERY_BOARD_CATALYST_RUNNER,purged,4,1,-5.726872246696035,-5.726872246696035,0.0
LOTTERY_BOARD_DAY2_CONTINUATION,holdout,2,384,-2.177182880222554,-6.361028357056164,33.07291666666667
LOTTERY_BOARD_DAY2_CONTINUATION,holdout,3,62,1.9016713351248118,-9.999999999999993,35.483870967741936
LOTTERY_BOARD_DAY2_CONTINUATION,purged,2,126,-1.1100614165329776,-1.2300275540996886,43.65079365079365
LOTTERY_BOARD_DAY2_CONTINUATION,purged,3,15,-5.702273354366594,-9.999999999999986,20.0
LOTTERY_BOARD_DAY2_CONTINUATION,purged,4,1,-9.999999999999998,-9.999999999999998,0.0
LOTTERY_BOARD_SIGNAL_CONFLUENCE,holdout,2,459,-0.3602555207538825,-0.7867335133050601,42.70152505446623
LOTTERY_BOARD_SIGNAL_CONFLUENCE,purged,2,137,-0.016561590886260292,0.144957548146607,51.09489051094891
LOTTERY_BOARD_SIGNAL_CONFLUENCE,purged,3,14,-5.435285257251271,-8.33839150227617,28.57142857142857
LOTTERY_BOARD_UNCLASSIFIED,holdout,0,592,-0.14115763541896828,-0.30289470089721604,43.58108108108108
LOTTERY_BOARD_UNCLASSIFIED,holdout,1,1353,-0.3343103081705481,-1.0304449648712022,44.05025868440502
LOTTERY_BOARD_UNCLASSIFIED,purged,0,361,-1.525901307826554,-1.8404907975460238,34.34903047091413
LOTTERY_BOARD_UNCLASSIFIED,purged,1,431,-0.9230405976508081,-0.9421265141318913,44.5475638051044
MAX_CONVICTION,holdout,unknown,28,2.506958418470451,4.248969882332954,75.0
MAX_CONVICTION,purged,unknown,10,-0.06247314167124208,-0.31780721781622945,40.0
NARRATIVE_LOCK,holdout,unknown,7,8.204261956716644,5.000000000000004,85.71428571428571
NARRATIVE_LOCK,purged,unknown,2,3.6143938694488065,3.6143938694488065,100.0
earnings_calendar,holdout,unknown,114,-1.1667090929361235,-1.7070441938791314,42.98245614035088
earnings_calendar,purged,unknown,51,-0.38477207372494715,0.0,49.01960784313725
earnings_core_overlap,holdout,unknown,123,-0.0472972183395346,0.7566706491437758,52.84552845528455
earnings_core_overlap,purged,unknown,31,-3.6341552483951927,-2.8301886792452824,38.70967741935484
lottery_catalyst_runner,purged,3,1,-9.999999999999998,-9.999999999999998,0.0
lottery_catalyst_runner,purged,4,1,-5.726872246696035,-5.726872246696035,0.0
lottery_day2_continuation,holdout,3,81,-0.8414609171891019,-9.999999999999998,24.691358024691358
lottery_day2_continuation,purged,3,17,-4.553212877722201,-7.761966364812423,17.647058823529413
lottery_dilution_read,holdout,unknown,53,-1.6352601998168028,-4.071246819338425,39.62264150943396
lottery_dilution_read,purged,unknown,22,-0.5824329219331322,0.26408163265305706,54.54545454545454
options_breakout_call,holdout,unknown,455,0.3841641032702442,0.2258064516128977,52.96703296703297
options_breakout_call,purged,unknown,142,-0.820498826642427,-0.8569489969324551,39.436619718309856
options_event_defined_risk,holdout,unknown,3,-1.5899849822319734,-4.4998464216238325,33.33333333333333
options_event_defined_risk,purged,unknown,1,-4.566320367238463,-4.566320367238463,0.0
options_leaps_trend,holdout,unknown,41,2.0664375556449963,1.7948717948718107,73.17073170731707
options_leaps_trend,purged,unknown,16,-1.0535076699774388,-1.1944269386628015,43.75
options_tactical_momentum_call,holdout,unknown,619,-0.10219482030073537,-0.3239740820734305,44.4264943457189
options_tactical_momentum_call,purged,unknown,229,-1.1149013034847242,-0.3437499999999982,46.724890829694324
pharma_calendar,holdout,unknown,7,1.03566004707909,0.03216295899222121,57.14285714285714
pharma_calendar,purged,unknown,20,-6.139049403806604,-9.51680672268907,15.0
