"scan_layer","scan_ts","trigger","ticker_raw","ticker_normalized","scan_price","close_price","return_pct","band","selection_basis","pm_approved","pm_action","pm_score","pm_allocation_usd","pm_approval_scan_ts","overlay_band"
"STRATEGY","2026-09-09T04:00:33.374529+00:00","scheduler","LOVE","LOVE","14.7","16.030000686645508","9.047624","0% to <10%","first_scan_observation","YES","STARTER","66.5","44.2","2026-09-09T04:00:33.374529+00:00","0% to <10%"
"CORE","2026-09-09T04:00:33.374529+00:00","scheduler","ALMU","ALMU","13.23","13.300000190734863","0.529102","0% to <10%","first_scan_observation","YES","STARTER","65.8","44.2","2026-09-09T04:00:33.374529+00:00","0% to <10%"
"STRATEGY","2026-09-09T19:00:34.536029+00:00","scheduler","GOLD","GOLD","49.15","49.33000183105469","0.36623","0% to <10%","first_scan_observation","YES","STARTER","66.8","44.13","2026-09-09T19:00:34.536029+00:00","0% to <10%"
"STRATEGY","2026-09-09T04:00:33.374529+00:00","scheduler","CRML","CRML","7.3","7.070000171661377","-3.150683","-10% to 0%","first_scan_observation","YES","STARTER","65.5","44.2","2026-09-09T04:00:33.374529+00:00","-10% to 0%"
"LOTTERY_RAW","2026-09-09T04:00:33.374529+00:00","scheduler","SHOE","SHOE","13.38","12.930000305175781","-3.363226","-10% to 0%","first_scan_observation","YES","ACCUMULATE","87.7","90.76","2026-09-09T14:00:37.962015+00:00","-10% to 0%"
"LOTTERY_RAW","2026-09-09T04:00:33.374529+00:00","scheduler","CCAPR","CAPR","9.06","8.640000343322754","-4.635758","-10% to 0%","first_scan_observation","YES","STARTER","57.8","14.98","2026-09-09T12:01:05.194142+00:00","-10% to 0%"
"CORE","2026-09-09T04:00:33.374529+00:00","scheduler","INBX","INBX","122.0","112.86000061035156","-7.491803","-10% to 0%","first_scan_observation","YES","ACCUMULATE","73.6","80.37","2026-09-09T04:00:33.374529+00:00","-10% to 0%"
"CORE","2026-09-09T04:00:33.374529+00:00","scheduler","LDOS","LDOS","142.8","128.13999938964844","-10.266107","-20% to -10%","first_scan_observation","YES","ACCUMULATE","81.7","80.24","2026-09-09T13:03:16.719791+00:00","-20% to -10%"
"CORE","2026-09-09T04:00:33.374529+00:00","scheduler","PLAY","PLAY","9.94","8.1899995803833","-17.605638","-20% to -10%","first_scan_observation","YES","STARTER","65.5","44.2","2026-09-09T04:00:33.374529+00:00","-20% to -10%"
"LOTTERY_RAW","2026-09-09T12:01:05.194142+00:00","scheduler","SSCNX","SSCNX","0.33","17.40999984741211","5175.75753","30% and higher","first_scan_observation","NO","","","","","30% and higher"
"LOTTERY_RAW","2026-09-09T04:00:33.374529+00:00","scheduler","MMOBX","MMOBX","1.27","8.319999694824219","555.118086","30% and higher","first_scan_observation","NO","","","","","30% and higher"
"LOTTERY_RAW","2026-09-09T04:00:33.374529+00:00","scheduler","CYCN","CYCN","4.03","23.939998626708984","494.044631","30% and higher","first_scan_observation","NO","","","","","30% and higher"
"LOTTERY_RAW","2026-09-09T04:00:33.374529+00:00","scheduler","CCURX","CCURX","5.04","14.808699607849121","193.823405","30% and higher","first_scan_observation","NO","","","","","30% and higher"
"LOTTERY_RAW","2026-09-09T04:00:33.374529+00:00","scheduler","SSMR","SSMR","11.18","17.8799991607666","59.928436","30% and higher","first_scan_observation","NO","","","","","30% and higher"
"LOTTERY_RAW","2026-09-09T12:01:05.194142+00:00","scheduler","SUNE","SUNE","3.048","4.510000228881836","47.965887","30% and higher","first_scan_observation","NO","","","","","30% and higher"
"LOTTERY_RAW","2026-09-09T12:01:05.194142+00:00","scheduler","SSDA","SDA","0.43","0.6000000238418579","39.534889","30% and higher","first_scan_observation","NO","","","","","30% and higher"
"LOTTERY_RAW","2026-09-09T04:00:33.374529+00:00","scheduler","GRNQ","GRNQ","9.84","13.229999542236328","34.451215","30% and higher","first_scan_observation","NO","","","","","30% and higher"
"CORE","2026-09-09T04:00:33.374529+00:00","scheduler","ODD","ODD","12.68","16.479999542236328","29.968451","20% to <30%","first_scan_observation","NO","","","","","20% to <30%"
"STRATEGY","2026-09-09T04:00:33.374529+00:00","scheduler","SSIG","SIG","82.67","102.4800033569336","23.962747","20% to <30%","first_scan_observation","NO","","","","","20% to <30%"
"LOTTERY_RAW","2026-09-09T12:01:05.194142+00:00","scheduler","YYQ","YQ","3.75","4.570000171661377","21.866671","20% to <30%","first_scan_observation","NO","","","","","20% to <30%"
"LOTTERY_RAW","2026-09-09T12:01:05.194142+00:00","scheduler","GLMD","GLMD","3.87","4.630000114440918","19.638246","10% to <20%","first_scan_observation","NO","","","","","10% to <20%"
"LOTTERY_RAW","2026-09-09T12:01:05.194142+00:00","scheduler","IIRD","IRD","4.81","5.730000019073486","19.12682","10% to <20%","first_scan_observation","NO","","","","","10% to <20%"
"LOTTERY_RAW","2026-09-09T04:00:33.374529+00:00","scheduler","ETS","ETS","1.09","1.2899999618530273","18.34862","10% to <20%","first_scan_observation","NO","","","","","10% to <20%"
"LOTTERY_RAW","2026-09-09T12:01:05.194142+00:00","scheduler","LABT","LABT","2.01","2.319999933242798","15.422882","10% to <20%","first_scan_observation","NO","","","","","10% to <20%"
"STRATEGY","2026-09-09T04:00:33.374529+00:00","scheduler","HAFN","HAFN","7.9915","9.15999984741211","14.621784","10% to <20%","first_scan_observation","NO","","","","","10% to <20%"
"LOTTERY_RAW","2026-09-09T04:00:33.374529+00:00","scheduler","BBRNX","BRNX","2.3","2.630000114440918","14.347831","10% to <20%","first_scan_observation","NO","","","","","10% to <20%"
"LOTTERY_RAW","2026-09-09T12:01:05.194142+00:00","scheduler","YMAT","YMAT","1.9901","2.2699999809265137","14.064619","10% to <20%","first_scan_observation","NO","","","","","10% to <20%"
"STRATEGY","2026-09-09T13:03:16.719791+00:00","launch_control_full_terminal","SSKHU","SKHU","23.39","26.450000762939453","13.082517","10% to <20%","first_scan_observation","NO","","","","","10% to <20%"
"LOTTERY_RAW","2026-09-09T04:00:33.374529+00:00","scheduler","INDP","INDP","1.84","2.0799999237060547","13.043474","10% to <20%","first_scan_observation","NO","","","","","10% to <20%"
"LOTTERY_RAW","2026-09-09T12:01:05.194142+00:00","scheduler","SCNX","SCNX","0.3286","0.3671000003814697","11.716373","10% to <20%","first_scan_observation","NO","","","","","10% to <20%"
"LOTTERY_RAW","2026-09-09T12:01:05.194142+00:00","scheduler","MSTZ","MSTZ","3.84","4.25","10.677083","10% to <20%","first_scan_observation","NO","","","","","10% to <20%"
"LOTTERY_RAW","2026-09-09T12:01:05.194142+00:00","scheduler","TYRA","TYRA","19.9","22.010000228881836","10.603016","10% to <20%","first_scan_observation","NO","","","","","10% to <20%"
"LOTTERY_RAW","2026-09-09T04:00:33.374529+00:00","scheduler","SSWVL","SWVL","6.42","7.099999904632568","10.591899","10% to <20%","first_scan_observation","NO","","","","","10% to <20%"
"LOTTERY_RAW","2026-09-09T12:01:05.194142+00:00","scheduler","PPYXS","PYXS","3.1","3.380000114440918","9.032262","0% to <10%","first_scan_observation","NO","","","","","0% to <10%"
"LOTTERY_RAW","2026-09-09T12:01:05.194142+00:00","scheduler","BBMNZ","BMNZ","5.26","5.679999828338623","7.984788","0% to <10%","first_scan_observation","NO","","","","","0% to <10%"
"LOTTERY_RAW","2026-09-09T04:00:33.374529+00:00","scheduler","ARBE","ARBE","0.7403","0.7939000129699707","7.24031","0% to <10%","first_scan_observation","NO","","","","","0% to <10%"
"LOTTERY_RAW","2026-09-09T04:00:33.374529+00:00","scheduler","DXR","DXR","10.19","10.850000381469727","6.476942","0% to <10%","first_scan_observation","NO","","","","","0% to <10%"
"LOTTERY_RAW","2026-09-09T12:01:05.194142+00:00","scheduler","VVVOS","VVOS","0.16","0.17020000517368317","6.375003","0% to <10%","first_scan_observation","NO","","","","","0% to <10%"
"LOTTERY_RAW","2026-09-09T14:00:37.962015+00:00","scheduler","SSGLY","SGLY","1.78","1.8899999856948853","6.179774","0% to <10%","first_scan_observation","NO","","","","","0% to <10%"
"LOTTERY_RAW","2026-09-09T04:00:33.374529+00:00","scheduler","GGPUS","GPUS","0.19","0.2013999968767166","5.999998","0% to <10%","first_scan_observation","NO","","","","","0% to <10%"
"LOTTERY_RAW","2026-09-09T04:00:33.374529+00:00","scheduler","SMZ","SMZ","11.2","11.87030029296875","5.984824","0% to <10%","first_scan_observation","NO","","","","","0% to <10%"
"LOTTERY_RAW","2026-09-09T12:01:05.194142+00:00","scheduler","SSSPC","SSPC","8.95","9.479999542236328","5.921783","0% to <10%","first_scan_observation","NO","","","","","0% to <10%"
"STRATEGY","2026-09-09T04:00:33.374529+00:00","scheduler","SUNB","SUNB","69.32","73.41999816894531","5.914596","0% to <10%","first_scan_observation","NO","","","","","0% to <10%"
"LOTTERY_RAW","2026-09-09T04:00:33.374529+00:00","scheduler","MMUG","MUG","16.6","17.49020004272461","5.362651","0% to <10%","first_scan_observation","NO","","","","","0% to <10%"
"STRATEGY","2026-09-09T12:01:05.194142+00:00","scheduler","GME","GME","18.89","19.889999389648438","5.293803","0% to <10%","first_scan_observation","NO","","","","","0% to <10%"
"LOTTERY_RAW","2026-09-09T12:01:05.194142+00:00","scheduler","ACCL","ACCL","2.9503","3.0999999046325684","5.074057","0% to <10%","first_scan_observation","NO","","","","","0% to <10%"
"STRATEGY","2026-09-09T13:03:16.719791+00:00","launch_control_full_terminal","ASO","ASO","48.7","51.150001525878906","5.030804","0% to <10%","first_scan_observation","NO","","","","","0% to <10%"
"LOTTERY_RAW","2026-09-09T12:01:05.194142+00:00","scheduler","ZJYL","ZJYL","2.144","2.25","4.94403","0% to <10%","first_scan_observation","NO","","","","","0% to <10%"
"LOTTERY_RAW","2026-09-09T04:00:33.374529+00:00","scheduler","BBAOS","BAOS","0.32","0.33559998869895935","4.874996","0% to <10%","first_scan_observation","NO","","","","","0% to <10%"
"LOTTERY_RAW","2026-09-09T12:01:05.194142+00:00","scheduler","XXCUR","XCUR","1.37","1.4299999475479126","4.379558","0% to <10%","first_scan_observation","NO","","","","","0% to <10%"
"STRATEGY","2026-09-09T14:00:37.962015+00:00","scheduler","SSECZ","SECZ","8.08","8.430000305175781","4.331687","0% to <10%","first_scan_observation","NO","","","","","0% to <10%"
"STRATEGY","2026-09-09T04:00:33.374529+00:00","scheduler","DXD","DXD","16.55","17.229999542236328","4.108759","0% to <10%","first_scan_observation","NO","","","","","0% to <10%"
"LOTTERY_RAW","2026-09-09T16:00:43.108772+00:00","scheduler","CCRUC","CRUC","11.27","11.70989990234375","3.903282","0% to <10%","first_scan_observation","NO","","","","","0% to <10%"
"STRATEGY","2026-09-09T12:01:05.194142+00:00","scheduler","SSSL","SSL","14.06","14.579999923706055","3.698435","0% to <10%","first_scan_observation","NO","","","","","0% to <10%"
"LOTTERY_RAW","2026-09-09T04:00:33.374529+00:00","scheduler","ZZCMD","ZCMD","0.85","0.8809000253677368","3.635297","0% to <10%","first_scan_observation","NO","","","","","0% to <10%"
"STRATEGY","2026-09-09T13:03:16.719791+00:00","launch_control_full_terminal","SSNDG","SNDG","10.69","11.074999809265137","3.601495","0% to <10%","first_scan_observation","NO","","","","","0% to <10%"
"STRATEGY","2026-09-09T04:00:33.374529+00:00","scheduler","MMED","MMED","22.0","22.760000228881836","3.454546","0% to <10%","first_scan_observation","NO","","","","","0% to <10%"
"LOTTERY_RAW","2026-09-09T04:00:33.374529+00:00","scheduler","HHWH","HWH","1.8","1.8600000143051147","3.333334","0% to <10%","first_scan_observation","NO","","","","","0% to <10%"
"LOTTERY_RAW","2026-09-09T12:01:05.194142+00:00","scheduler","METG","METG","16.31","16.84000015258789","3.249541","0% to <10%","first_scan_observation","NO","","","","","0% to <10%"
"STRATEGY","2026-09-09T13:03:16.719791+00:00","launch_control_full_terminal","IINSM","INSM","124.89","128.8000030517578","3.130758","0% to <10%","first_scan_observation","NO","","","","","0% to <10%"
"LOTTERY_RAW","2026-09-09T12:01:05.194142+00:00","scheduler","RRAM","RAM","14.22","14.640000343322754","2.953589","0% to <10%","first_scan_observation","NO","","","","","0% to <10%"
"STRATEGY","2026-09-09T12:01:05.194142+00:00","scheduler","TTH","TH","18.7","19.200000762939453","2.673801","0% to <10%","first_scan_observation","NO","","","","","0% to <10%"
"LOTTERY_RAW","2026-09-09T12:01:05.194142+00:00","scheduler","OCC","OCC","13.37","13.699999809265137","2.468211","0% to <10%","first_scan_observation","NO","","","","","0% to <10%"
"LOTTERY_RAW","2026-09-09T04:00:33.374529+00:00","scheduler","FFGI","FGI","7.55","7.730000019073486","2.384106","0% to <10%","first_scan_observation","NO","","","","","0% to <10%"
"STRATEGY","2026-09-09T12:01:05.194142+00:00","scheduler","FFBL","FBL","25.81","26.40999984741211","2.32468","0% to <10%","first_scan_observation","NO","","","","","0% to <10%"
"STRATEGY","2026-09-09T12:01:05.194142+00:00","scheduler","MMETU","METU","24.97","25.540000915527344","2.282743","0% to <10%","first_scan_observation","NO","","","","","0% to <10%"
"LOTTERY_RAW","2026-09-09T16:00:43.108772+00:00","scheduler","ZTG","ZTG","0.7493","0.765999972820282","2.228743","0% to <10%","first_scan_observation","NO","","","","","0% to <10%"
"STRATEGY","2026-09-09T04:00:33.374529+00:00","scheduler","CPB","CPB","21.44","21.8799991607666","2.052235","0% to <10%","first_scan_observation","NO","","","","","0% to <10%"
"LOTTERY_RAW","2026-09-09T13:03:16.719791+00:00","launch_control_full_terminal","UFG","UFG","0.7056","0.7196000218391418","1.98413","0% to <10%","first_scan_observation","NO","","","","","0% to <10%"
"LOTTERY_RAW","2026-09-09T04:00:33.374529+00:00","scheduler","VIVO","VIVO","4.07","4.150000095367432","1.965604","0% to <10%","first_scan_observation","NO","","","","","0% to <10%"
"STRATEGY","2026-09-09T14:00:37.962015+00:00","scheduler","JMKE","JMKE","21.94","22.3700008392334","1.959894","0% to <10%","first_scan_observation","NO","","","","","0% to <10%"
"LOTTERY_RAW","2026-09-09T04:00:33.374529+00:00","scheduler","NNVD","NVD","3.74","3.809999942779541","1.871656","0% to <10%","first_scan_observation","NO","","","","","0% to <10%"
"STRATEGY","2026-09-09T04:00:33.374529+00:00","scheduler","MRNA","MRNA","133.32","135.61000061035156","1.717672","0% to <10%","first_scan_observation","NO","","","","","0% to <10%"
"STRATEGY","2026-09-09T13:03:16.719791+00:00","launch_control_full_terminal","AAGQ","AGQ","82.89","84.22000122070312","1.604538","0% to <10%","first_scan_observation","NO","","","","","0% to <10%"
"LOTTERY_RAW","2026-09-09T16:00:43.108772+00:00","scheduler","SSFWL","SFWL","10.74","10.90999984741211","1.582866","0% to <10%","first_scan_observation","NO","","","","","0% to <10%"
"STRATEGY","2026-09-09T04:00:33.374529+00:00","scheduler","GGSG","GSG","35.38","35.88999938964844","1.441491","0% to <10%","first_scan_observation","NO","","","","","0% to <10%"
"LOTTERY_RAW","2026-09-09T12:01:05.194142+00:00","scheduler","AAIM","AIM","0.23","0.23319999873638153","1.391304","0% to <10%","first_scan_observation","NO","","","","","0% to <10%"
"STRATEGY","2026-09-09T04:00:33.374529+00:00","scheduler","CPER","CPER","40.51","41.04999923706055","1.333002","0% to <10%","first_scan_observation","NO","","","","","0% to <10%"
"STRATEGY","2026-09-09T12:01:05.194142+00:00","scheduler","MMETA","META","645.6","653.6900024414062","1.253098","0% to <10%","first_scan_observation","NO","","","","","0% to <10%"
"LOTTERY_RAW","2026-09-09T04:00:33.374529+00:00","scheduler","GGSIW","GSIW","14.25","14.399999618530273","1.052629","0% to <10%","first_scan_observation","NO","","","","","0% to <10%"
"LOTTERY_RAW","2026-09-09T04:00:33.374529+00:00","scheduler","NNOK","NOK","10.65","10.760000228881836","1.032866","0% to <10%","first_scan_observation","NO","","","","","0% to <10%"
"STRATEGY","2026-09-09T13:03:16.719791+00:00","launch_control_full_terminal","UUSO","USO","148.47","149.97000122070312","1.010306","0% to <10%","first_scan_observation","NO","","","","","0% to <10%"
"STRATEGY","2026-09-09T12:01:05.194142+00:00","scheduler","KEN","KEN","68.57","69.2300033569336","0.962525","0% to <10%","first_scan_observation","NO","","","","","0% to <10%"
"LOTTERY_RAW","2026-09-09T14:00:37.962015+00:00","scheduler","LLAC","LAC","3.16","3.190000057220459","0.949369","0% to <10%","first_scan_observation","NO","","","","","0% to <10%"
"STRATEGY","2026-09-09T14:00:37.962015+00:00","scheduler","CCHYM","CHYM","34.24","34.54999923706055","0.905372","0% to <10%","first_scan_observation","NO","","","","","0% to <10%"
"STRATEGY","2026-09-09T04:00:33.374529+00:00","scheduler","COHX","COHX","25.91","26.1200008392334","0.810501","0% to <10%","first_scan_observation","NO","","","","","0% to <10%"
"STRATEGY","2026-09-09T04:00:33.374529+00:00","scheduler","RROIV","ROIV","41.48","41.810001373291016","0.795567","0% to <10%","first_scan_observation","NO","","","","","0% to <10%"
"LOTTERY_RAW","2026-09-09T14:00:37.962015+00:00","scheduler","DDAMD","DAMD","1.3","1.309999942779541","0.769226","0% to <10%","first_scan_observation","NO","","","","","0% to <10%"
"LOTTERY_RAW","2026-09-09T12:01:05.194142+00:00","scheduler","UUVXY","UVXY","18.24","18.3799991607666","0.767539","0% to <10%","first_scan_observation","NO","","","","","0% to <10%"
"LOTTERY_RAW","2026-09-09T04:00:33.374529+00:00","scheduler","MMARA","MARA","11.83","11.920000076293945","0.760778","0% to <10%","first_scan_observation","NO","","","","","0% to <10%"
"LOTTERY_RAW","2026-09-09T04:00:33.374529+00:00","scheduler","HHPK","HPK","8.15","8.210000038146973","0.736197","0% to <10%","first_scan_observation","NO","","","","","0% to <10%"
"LOTTERY_RAW","2026-09-09T04:00:33.374529+00:00","scheduler","PDSB","PDSB","0.2909","0.2930000126361847","0.721902","0% to <10%","first_scan_observation","NO","","","","","0% to <10%"
"STRATEGY","2026-09-09T12:01:05.194142+00:00","scheduler","BNO","BNO","58.9","59.31999969482422","0.713072","0% to <10%","first_scan_observation","NO","","","","","0% to <10%"
"LOTTERY_RAW","2026-09-09T04:00:33.374529+00:00","scheduler","SSPDN","SPDN","8.55","8.600000381469727","0.5848","0% to <10%","first_scan_observation","NO","","","","","0% to <10%"
"STRATEGY","2026-09-09T12:01:05.194142+00:00","scheduler","KKORU","KORU","24.06","24.200000762939453","0.581882","0% to <10%","first_scan_observation","NO","","","","","0% to <10%"
"STRATEGY","2026-09-09T04:00:33.374529+00:00","scheduler","IMPP","IMPP","5.33","5.360000133514404","0.562854","0% to <10%","first_scan_observation","NO","","","","","0% to <10%"
"LOTTERY_RAW","2026-09-09T04:00:33.374529+00:00","scheduler","ATAI","ATAI","7.25","7.289999961853027","0.551724","0% to <10%","first_scan_observation","NO","","","","","0% to <10%"
"STRATEGY","2026-09-09T19:00:34.536029+00:00","scheduler","AAPD","AAPD","10.98","11.039999961853027","0.546448","0% to <10%","first_scan_observation","NO","","","","","0% to <10%"
"LOTTERY_RAW","2026-09-09T04:00:33.374529+00:00","scheduler","RRACC","RACC","11.54","11.600000381469727","0.519934","0% to <10%","first_scan_observation","NO","","","","","0% to <10%"
"LOTTERY_RAW","2026-09-09T12:01:05.194142+00:00","scheduler","DPU","DPU","2.0397","2.049999952316284","0.504974","0% to <10%","first_scan_observation","NO","","","","","0% to <10%"
"LOTTERY_RAW","2026-09-09T12:01:05.194142+00:00","scheduler","VVXX","VXX","18.21","18.299999237060547","0.49423","0% to <10%","first_scan_observation","NO","","","","","0% to <10%"
"STRATEGY","2026-09-09T04:00:33.374529+00:00","scheduler","COHH","COHH","6.46","6.489999771118164","0.464393","0% to <10%","first_scan_observation","NO","","","","","0% to <10%"
"STRATEGY","2026-09-09T16:00:43.108772+00:00","scheduler","DDOG","DDOG","224.23","225.27000427246094","0.463811","0% to <10%","first_scan_observation","NO","","","","","0% to <10%"
"STRATEGY","2026-09-09T16:00:43.108772+00:00","scheduler","FLKR","FLKR","62.46","62.66999816894531","0.336212","0% to <10%","first_scan_observation","NO","","","","","0% to <10%"
"LOTTERY_RAW","2026-09-09T12:01:05.194142+00:00","scheduler","AAMZG","AMZG","14.99","15.039999961853027","0.333555","0% to <10%","first_scan_observation","NO","","","","","0% to <10%"
"STRATEGY","2026-09-09T04:00:33.374529+00:00","scheduler","DELL","DELL","533.69","535.25","0.292305","0% to <10%","first_scan_observation","NO","","","","","0% to <10%"
"LOTTERY_RAW","2026-09-09T04:00:33.374529+00:00","scheduler","ATER","ATER","0.7082","0.7099999785423279","0.254162","0% to <10%","first_scan_observation","NO","","","","","0% to <10%"
"LOTTERY_RAW","2026-09-09T04:00:33.374529+00:00","scheduler","AAAL","AAL","12.91","12.9399995803833","0.232375","0% to <10%","first_scan_observation","NO","","","","","0% to <10%"
"STRATEGY","2026-09-09T04:00:33.374529+00:00","scheduler","WWRB","WRB","69.77","69.91000366210938","0.200665","0% to <10%","first_scan_observation","NO","","","","","0% to <10%"
"LOTTERY_RAW","2026-09-09T19:00:34.536029+00:00","scheduler","CCEPF","CEPF","10.35","10.369999885559082","0.193236","0% to <10%","first_scan_observation","NO","","","","","0% to <10%"
"STRATEGY","2026-09-09T16:00:43.108772+00:00","scheduler","GGME","GGME","64.031","64.1447982788086","0.177724","0% to <10%","first_scan_observation","NO","","","","","0% to <10%"
"STRATEGY","2026-09-09T16:00:43.108772+00:00","scheduler","TWM","TWM","22.2363","22.270000457763672","0.151556","0% to <10%","first_scan_observation","NO","","","","","0% to <10%"
"STRATEGY","2026-09-09T04:00:33.374529+00:00","scheduler","EEFXT","EFXT","22.54","22.56999969482422","0.133095","0% to <10%","first_scan_observation","NO","","","","","0% to <10%"
"LOTTERY_RAW","2026-09-09T16:00:43.108772+00:00","scheduler","HHACQ","HACQ","10.07","10.079999923706055","0.099304","0% to <10%","first_scan_observation","NO","","","","","0% to <10%"
"LOTTERY_RAW","2026-09-09T14:00:37.962015+00:00","scheduler","DDSAC","DSAC","10.18","10.1899995803833","0.098228","0% to <10%","first_scan_observation","NO","","","","","0% to <10%"
"STRATEGY","2026-09-09T19:00:34.536029+00:00","scheduler","CCBZ","CBZ","54.56","54.61000061035156","0.091643","0% to <10%","first_scan_observation","NO","","","","","0% to <10%"
"STRATEGY","2026-09-09T19:00:34.536029+00:00","scheduler","EEWS","EWS","33.75","33.77000045776367","0.059261","0% to <10%","first_scan_observation","NO","","","","","0% to <10%"
"LOTTERY_RAW","2026-09-09T16:00:43.108772+00:00","scheduler","XXRMI","XRMI","17.3","17.308300018310547","0.047977","0% to <10%","first_scan_observation","NO","","","","","0% to <10%"
"STRATEGY","2026-09-09T19:00:34.536029+00:00","scheduler","SSPLB","SPLB","21.26","21.270000457763672","0.047039","0% to <10%","first_scan_observation","NO","","","","","0% to <10%"
"LOTTERY_RAW","2026-09-09T16:00:43.108772+00:00","scheduler","PPDDL","PDDL","11.1","11.100600242614746","0.005408","0% to <10%","first_scan_observation","NO","","","","","0% to <10%"
"LOTTERY_RAW","2026-09-09T14:00:37.962015+00:00","scheduler","PPECE","PECE","10.02","10.020000457763672","5e-06","0% to <10%","first_scan_observation","NO","","","","","0% to <10%"
"LOTTERY_RAW","2026-09-09T16:00:43.108772+00:00","scheduler","IIPFX","IPFX","10.06","10.0600004196167","4e-06","0% to <10%","first_scan_observation","NO","","","","","0% to <10%"
"LOTTERY_RAW","2026-09-09T19:00:34.536029+00:00","scheduler","SSAAQ","SAAQ","10.1","10.100000381469727","4e-06","0% to <10%","first_scan_observation","NO","","","","","0% to <10%"
"STRATEGY","2026-09-09T04:00:33.374529+00:00","scheduler","HTLM","HTLM","1.7","1.7000000476837158","3e-06","0% to <10%","first_scan_observation","NO","","","","","0% to <10%"
"LOTTERY_RAW","2026-09-09T19:00:34.536029+00:00","scheduler","WWPAC","WPAC","10.05","10.050000190734863","2e-06","0% to <10%","first_scan_observation","NO","","","","","0% to <10%"
"STRATEGY","2026-09-09T04:00:33.374529+00:00","scheduler","RRGTX","RRGTX","7.82","7.820000171661377","2e-06","0% to <10%","first_scan_observation","NO","","","","","0% to <10%"
"LOTTERY_RAW","2026-09-09T14:00:37.962015+00:00","scheduler","HHFSP","HFSP","13.3","13.300000190734863","1e-06","0% to <10%","first_scan_observation","NO","","","","","0% to <10%"
"LOTTERY_RAW","2026-09-09T16:00:43.108772+00:00","scheduler","FFCRS","FCRS","10.25","10.25","0.0","0% to <10%","first_scan_observation","NO","","","","","0% to <10%"
"STRATEGY","2026-09-09T04:00:33.374529+00:00","scheduler","CCBC","CCBC","18.5","18.5","0.0","0% to <10%","first_scan_observation","NO","","","","","0% to <10%"
"LOTTERY_RAW","2026-09-09T14:00:37.962015+00:00","scheduler","MZYX","MZYX","10.0","10.0","0.0","0% to <10%","first_scan_observation","NO","","","","","0% to <10%"
"LOTTERY_RAW","2026-09-09T14:00:37.962015+00:00","scheduler","SSCII","SCII","10.12","10.119999885559082","-1e-06","-10% to 0%","first_scan_observation","NO","","","","","-10% to 0%"
"STRATEGY","2026-09-09T04:00:33.374529+00:00","scheduler","GGRNT","GRNT","5.1","5.099999904632568","-2e-06","-10% to 0%","first_scan_observation","NO","","","","","-10% to 0%"
"STRATEGY","2026-09-09T19:00:34.536029+00:00","scheduler","SMCY","SMCY","5.39","5.389999866485596","-2e-06","-10% to 0%","first_scan_observation","NO","","","","","-10% to 0%"
"LOTTERY_RAW","2026-09-09T04:00:33.374529+00:00","scheduler","BFJL","BFJL","18.539","18.538999557495117","-2e-06","-10% to 0%","first_scan_observation","NO","","","","","-10% to 0%"
"LOTTERY_RAW","2026-09-09T16:00:43.108772+00:00","scheduler","SAC","SAC","10.11","10.109999656677246","-3e-06","-10% to 0%","first_scan_observation","NO","","","","","-10% to 0%"
"STRATEGY","2026-09-09T14:00:37.962015+00:00","scheduler","BOXX","BOXX","118.14","118.12999725341797","-0.008467","-10% to 0%","first_scan_observation","NO","","","","","-10% to 0%"
"LOTTERY_RAW","2026-09-09T04:00:33.374529+00:00","scheduler","MMESH","MESH","10.1","10.098199844360352","-0.017823","-10% to 0%","first_scan_observation","NO","","","","","-10% to 0%"
"STRATEGY","2026-09-09T19:00:34.536029+00:00","scheduler","FFNDE","FNDE","42.9","42.869998931884766","-0.069933","-10% to 0%","first_scan_observation","NO","","","","","-10% to 0%"
"LOTTERY_RAW","2026-09-09T19:00:34.536029+00:00","scheduler","WWLDU","WLDU","17.65","17.635900497436523","-0.079884","-10% to 0%","first_scan_observation","NO","","","","","-10% to 0%"
"STRATEGY","2026-09-09T19:00:34.536029+00:00","scheduler","SSCHK","SCHK","36.76","36.72999954223633","-0.081612","-10% to 0%","first_scan_observation","NO","","","","","-10% to 0%"
"LOTTERY_RAW","2026-09-09T16:00:43.108772+00:00","scheduler","FIAX","FIAX","17.26","17.2450008392334","-0.086901","-10% to 0%","first_scan_observation","NO","","","","","-10% to 0%"
"LOTTERY_RAW","2026-09-09T13:03:16.719791+00:00","launch_control_full_terminal","TTVA","TVA","10.56","10.550000190734863","-0.094695","-10% to 0%","first_scan_observation","NO","","","","","-10% to 0%"
"STRATEGY","2026-09-09T16:00:43.108772+00:00","scheduler","IIDEV","IDEV","91.92","91.83000183105469","-0.097909","-10% to 0%","first_scan_observation","NO","","","","","-10% to 0%"
"STRATEGY","2026-09-09T19:00:34.536029+00:00","scheduler","SSCZ","SCZ","86.18","86.06999969482422","-0.12764","-10% to 0%","first_scan_observation","NO","","","","","-10% to 0%"
"LOTTERY_RAW","2026-09-09T12:01:05.194142+00:00","scheduler","SOAR","SOAR","0.2104","0.210099995136261","-0.142588","-10% to 0%","first_scan_observation","NO","","","","","-10% to 0%"
"LOTTERY_RAW","2026-09-09T04:00:33.374529+00:00","scheduler","HERZ","HERZ","16.255","16.229999542236328","-0.153802","-10% to 0%","first_scan_observation","NO","","","","","-10% to 0%"
"LOTTERY_RAW","2026-09-09T13:03:16.719791+00:00","launch_control_full_terminal","GGOSS","GOSS","0.16","0.15970000624656677","-0.187496","-10% to 0%","first_scan_observation","NO","","","","","-10% to 0%"
"LOTTERY_RAW","2026-09-09T13:03:16.719791+00:00","launch_control_full_terminal","BIAF","BIAF","10.52","10.5","-0.190114","-10% to 0%","first_scan_observation","NO","","","","","-10% to 0%"
"LOTTERY_RAW","2026-09-09T16:00:43.108772+00:00","scheduler","SSAC","SSAC","10.11","10.09000015258789","-0.197822","-10% to 0%","first_scan_observation","NO","","","","","-10% to 0%"
"LOTTERY_RAW","2026-09-09T16:00:43.108772+00:00","scheduler","UUAC","UAC","9.98","9.960000038146973","-0.2004","-10% to 0%","first_scan_observation","NO","","","","","-10% to 0%"
"STRATEGY","2026-09-09T04:00:33.374529+00:00","scheduler","KT","KT","19.78","19.739999771118164","-0.202226","-10% to 0%","first_scan_observation","NO","","","","","-10% to 0%"
"LOTTERY_RAW","2026-09-09T04:00:33.374529+00:00","scheduler","TTSLL","TSLL","9.87","9.850000381469727","-0.20263","-10% to 0%","first_scan_observation","NO","","","","","-10% to 0%"
"STRATEGY","2026-09-09T16:00:43.108772+00:00","scheduler","FFSLY","FSLY","22.76","22.709999084472656","-0.219688","-10% to 0%","first_scan_observation","NO","","","","","-10% to 0%"
"LOTTERY_RAW","2026-09-09T04:00:33.374529+00:00","scheduler","BBXBL","BXBL","4.37","4.360000133514404","-0.22883","-10% to 0%","first_scan_observation","NO","","","","","-10% to 0%"
"LOTTERY_RAW","2026-09-09T19:00:34.536029+00:00","scheduler","AARTC","ARTC","10.0","9.975000381469727","-0.249996","-10% to 0%","first_scan_observation","NO","","","","","-10% to 0%"
"STRATEGY","2026-09-09T04:00:33.374529+00:00","scheduler","PPHVS","PHVS","37.84","37.7400016784668","-0.264266","-10% to 0%","first_scan_observation","NO","","","","","-10% to 0%"
"LOTTERY_RAW","2026-09-09T04:00:33.374529+00:00","scheduler","OOBX","OBX","18.73","18.68000030517578","-0.26695","-10% to 0%","first_scan_observation","NO","","","","","-10% to 0%"
"LOTTERY_RAW","2026-09-09T13:03:16.719791+00:00","launch_control_full_terminal","PRZO","PRZO","0.8499","0.847599983215332","-0.270622","-10% to 0%","first_scan_observation","NO","","","","","-10% to 0%"
"LOTTERY_RAW","2026-09-09T04:00:33.374529+00:00","scheduler","BBITO","BITO","10.54","10.510000228881836","-0.284628","-10% to 0%","first_scan_observation","NO","","","","","-10% to 0%"
"LOTTERY_RAW","2026-09-09T16:00:43.108772+00:00","scheduler","OOGSP","OGSP","9.98","9.949999809265137","-0.300603","-10% to 0%","first_scan_observation","NO","","","","","-10% to 0%"
"STRATEGY","2026-09-09T04:00:33.374529+00:00","scheduler","BILI","BILI","15.96","15.90999984741211","-0.313284","-10% to 0%","first_scan_observation","NO","","","","","-10% to 0%"
"PHARMA_SHOCK","2026-09-09T04:00:33.374529+00:00","scheduler","ABT","ABT","105.575","105.2300033569336","-0.326779","-10% to 0%","first_scan_observation","NO","","","","","-10% to 0%"
"STRATEGY","2026-09-09T12:01:05.194142+00:00","scheduler","UUGL","UGL","51.72","51.540000915527344","-0.348026","-10% to 0%","first_scan_observation","NO","","","","","-10% to 0%"
"LOTTERY_RAW","2026-09-09T12:01:05.194142+00:00","scheduler","SNAP","SNAP","5.33","5.309999942779541","-0.375236","-10% to 0%","first_scan_observation","NO","","","","","-10% to 0%"
"CORE","2026-09-09T04:00:33.374529+00:00","scheduler","BAH","BAH","72.5","72.19999694824219","-0.413797","-10% to 0%","first_scan_observation","NO","","","","","-10% to 0%"
"STRATEGY","2026-09-09T16:00:43.108772+00:00","scheduler","NNEOG","NEOG","11.97","11.920000076293945","-0.41771","-10% to 0%","first_scan_observation","NO","","","","","-10% to 0%"
"LOTTERY_RAW","2026-09-09T04:00:33.374529+00:00","scheduler","HHQ","HQ","16.14","16.06999969482422","-0.433707","-10% to 0%","first_scan_observation","NO","","","","","-10% to 0%"
"LOTTERY_RAW","2026-09-09T04:00:33.374529+00:00","scheduler","REGS","REGS","11.5","11.449999809265137","-0.434784","-10% to 0%","first_scan_observation","NO","","","","","-10% to 0%"
"STRATEGY","2026-09-09T14:00:37.962015+00:00","scheduler","AALLW","ALLW","30.0","29.860000610351562","-0.466665","-10% to 0%","first_scan_observation","NO","","","","","-10% to 0%"
"STRATEGY","2026-09-09T04:00:33.374529+00:00","scheduler","DDK","DK","75.67","75.27999877929688","-0.515397","-10% to 0%","first_scan_observation","NO","","","","","-10% to 0%"
"STRATEGY","2026-09-09T16:00:43.108772+00:00","scheduler","FFNV","FNV","266.86","265.42999267578125","-0.535864","-10% to 0%","first_scan_observation","NO","","","","","-10% to 0%"
"LOTTERY_RAW","2026-09-09T04:00:33.374529+00:00","scheduler","KKEEL","KEEL","3.73","3.7100000381469727","-0.536192","-10% to 0%","first_scan_observation","NO","","","","","-10% to 0%"
"STRATEGY","2026-09-09T04:00:33.374529+00:00","scheduler","ORCL","ORCL","162.52","161.6300048828125","-0.547622","-10% to 0%","first_scan_observation","NO","","","","","-10% to 0%"
"PHARMA_SHOCK","2026-09-09T12:01:05.194142+00:00","scheduler","DFTX","DFTX","38.2","37.9900016784668","-0.549734","-10% to 0%","first_scan_observation","NO","","","","","-10% to 0%"
"STRATEGY","2026-09-09T16:00:43.108772+00:00","scheduler","TTMV","TMV","43.46","43.220001220703125","-0.552229","-10% to 0%","first_scan_observation","NO","","","","","-10% to 0%"
"STRATEGY","2026-09-09T12:01:05.194142+00:00","scheduler","AEP","AEP","125.3752","124.66999816894531","-0.562473","-10% to 0%","first_scan_observation","NO","","","","","-10% to 0%"
"LOTTERY_RAW","2026-09-09T16:00:43.108772+00:00","scheduler","SSOFI","SOFI","17.43","17.329999923706055","-0.573724","-10% to 0%","first_scan_observation","NO","","","","","-10% to 0%"
"STRATEGY","2026-09-09T14:00:37.962015+00:00","scheduler","FFAZ","FAZ","33.05","32.84000015258789","-0.6354","-10% to 0%","first_scan_observation","NO","","","","","-10% to 0%"
"LOTTERY_RAW","2026-09-09T04:00:33.374529+00:00","scheduler","WKHS","WKHS","3.1","3.0799999237060547","-0.645164","-10% to 0%","first_scan_observation","NO","","","","","-10% to 0%"
"LOTTERY_RAW","2026-09-09T13:03:16.719791+00:00","launch_control_full_terminal","OOPEN","OPEN","3.02","3.0","-0.662252","-10% to 0%","first_scan_observation","NO","","","","","-10% to 0%"
"STRATEGY","2026-09-09T04:00:33.374529+00:00","scheduler","UUNFI","UNFI","44.93","44.61000061035156","-0.712218","-10% to 0%","first_scan_observation","NO","","","","","-10% to 0%"
"LOTTERY_RAW","2026-09-09T19:00:34.536029+00:00","scheduler","KKG","KG","7.42","7.364999771118164","-0.741243","-10% to 0%","first_scan_observation","NO","","","","","-10% to 0%"
"LOTTERY_RAW","2026-09-09T04:00:33.374529+00:00","scheduler","EETHA","ETHA","18.72","18.579999923706055","-0.747864","-10% to 0%","first_scan_observation","NO","","","","","-10% to 0%"
"STRATEGY","2026-09-09T04:00:33.374529+00:00","scheduler","CBC","CBC","32.3","32.04999923706055","-0.773996","-10% to 0%","first_scan_observation","NO","","","","","-10% to 0%"
"STRATEGY","2026-09-09T04:00:33.374529+00:00","scheduler","EEUFN","EUFN","42.4","42.06999969482422","-0.778303","-10% to 0%","first_scan_observation","NO","","","","","-10% to 0%"
"STRATEGY","2026-09-09T16:00:43.108772+00:00","scheduler","TTRMD","TRMD","35.74","35.459999084472656","-0.783438","-10% to 0%","first_scan_observation","NO","","","","","-10% to 0%"
"LOTTERY_RAW","2026-09-09T14:00:37.962015+00:00","scheduler","IITUB","ITUB","8.15","8.079999923706055","-0.858897","-10% to 0%","first_scan_observation","NO","","","","","-10% to 0%"
"LOTTERY_RAW","2026-09-09T04:00:33.374529+00:00","scheduler","RRIG","RIG","5.76","5.710000038146973","-0.868055","-10% to 0%","first_scan_observation","NO","","","","","-10% to 0%"
"LOTTERY_RAW","2026-09-09T04:00:33.374529+00:00","scheduler","BBIDG","BIDG","6.91","6.849999904632568","-0.868308","-10% to 0%","first_scan_observation","NO","","","","","-10% to 0%"
"LOTTERY_RAW","2026-09-09T04:00:33.374529+00:00","scheduler","AAKAN","AKAN","3.28","3.25","-0.914634","-10% to 0%","first_scan_observation","NO","","","","","-10% to 0%"
"STRATEGY","2026-09-09T16:00:43.108772+00:00","scheduler","MMSTY","MSTY","15.27","15.130000114440918","-0.91683","-10% to 0%","first_scan_observation","NO","","","","","-10% to 0%"
"STRATEGY","2026-09-09T04:00:33.374529+00:00","scheduler","ADBE","ADBE","257.26","254.86000061035156","-0.932908","-10% to 0%","first_scan_observation","NO","","","","","-10% to 0%"
"STRATEGY","2026-09-09T12:01:05.194142+00:00","scheduler","BBJP","BBJP","79.0","78.25","-0.949367","-10% to 0%","first_scan_observation","NO","","","","","-10% to 0%"
"STRATEGY","2026-09-09T04:00:33.374529+00:00","scheduler","MRK","MRK","148.99","147.52999877929688","-0.979932","-10% to 0%","first_scan_observation","NO","","","","","-10% to 0%"
"LOTTERY_RAW","2026-09-09T04:00:33.374529+00:00","scheduler","BJDX","BJDX","1.02","1.0099999904632568","-0.980393","-10% to 0%","first_scan_observation","NO","","","","","-10% to 0%"
"LOTTERY_RAW","2026-09-09T04:00:33.374529+00:00","scheduler","BBETR","BETR","13.6","13.460000038146973","-1.029411","-10% to 0%","first_scan_observation","NO","","","","","-10% to 0%"
"LOTTERY_RAW","2026-09-09T16:00:43.108772+00:00","scheduler","AAVAZ","AVAZ","10.43","10.32040023803711","-1.050813","-10% to 0%","first_scan_observation","NO","","","","","-10% to 0%"
"STRATEGY","2026-09-09T04:00:33.374529+00:00","scheduler","HHRMY","HRMY","42.07","41.619998931884766","-1.069648","-10% to 0%","first_scan_observation","NO","","","","","-10% to 0%"
"STRATEGY","2026-09-09T12:01:05.194142+00:00","scheduler","HOFT","HOFT","12.9","12.760000228881836","-1.08527","-10% to 0%","first_scan_observation","NO","","","","","-10% to 0%"
"LOTTERY_RAW","2026-09-09T04:00:33.374529+00:00","scheduler","DMAA","DMAA","10.92","10.800000190734863","-1.098899","-10% to 0%","first_scan_observation","NO","","","","","-10% to 0%"
"LOTTERY_RAW","2026-09-09T04:00:33.374529+00:00","scheduler","IEP","IEP","6.91","6.829999923706055","-1.157744","-10% to 0%","first_scan_observation","NO","","","","","-10% to 0%"
"STRATEGY","2026-09-09T19:00:34.536029+00:00","scheduler","LLFST","LFST","12.77","12.619999885559082","-1.174629","-10% to 0%","first_scan_observation","NO","","","","","-10% to 0%"
"PHARMA_SHOCK","2026-09-09T04:00:33.374529+00:00","scheduler","IDYA","IDYA","38.815","38.349998474121094","-1.197994","-10% to 0%","first_scan_observation","NO","","","","","-10% to 0%"
"LOTTERY_RAW","2026-09-09T04:00:33.374529+00:00","scheduler","AAI","AI","10.51","10.380000114440918","-1.236916","-10% to 0%","first_scan_observation","NO","","","","","-10% to 0%"
"LOTTERY_RAW","2026-09-09T13:03:16.719791+00:00","launch_control_full_terminal","AASMH","ASMH","11.8","11.649999618530273","-1.27119","-10% to 0%","first_scan_observation","NO","","","","","-10% to 0%"
"LOTTERY_RAW","2026-09-09T14:00:37.962015+00:00","scheduler","VVALE","VALE","15.64","15.4399995803833","-1.278775","-10% to 0%","first_scan_observation","NO","","","","","-10% to 0%"
"STRATEGY","2026-09-09T04:00:33.374529+00:00","scheduler","VFS","VFS","3.1","3.059999942779541","-1.290324","-10% to 0%","first_scan_observation","NO","","","","","-10% to 0%"
"STRATEGY","2026-09-09T04:00:33.374529+00:00","scheduler","KR","KR","57.2","56.439998626708984","-1.328674","-10% to 0%","first_scan_observation","NO","","","","","-10% to 0%"
"LOTTERY_RAW","2026-09-09T04:00:33.374529+00:00","scheduler","SSOUN","SOUN","6.57","6.480000019073486","-1.369863","-10% to 0%","first_scan_observation","NO","","","","","-10% to 0%"
"LOTTERY_RAW","2026-09-09T12:01:05.194142+00:00","scheduler","SSNAG","SNAG","5.27","5.197400093078613","-1.377607","-10% to 0%","first_scan_observation","NO","","","","","-10% to 0%"
"LOTTERY_RAW","2026-09-09T19:00:34.536029+00:00","scheduler","OOCGN","OCGN","1.08","1.065000057220459","-1.388884","-10% to 0%","first_scan_observation","NO","","","","","-10% to 0%"
"LOTTERY_RAW","2026-09-09T16:00:43.108772+00:00","scheduler","TTSLG","TSLG","4.96","4.889999866485596","-1.411293","-10% to 0%","first_scan_observation","NO","","","","","-10% to 0%"
"LOTTERY_RAW","2026-09-09T12:01:05.194142+00:00","scheduler","METD","METD","14.7995","14.579999923706055","-1.483159","-10% to 0%","first_scan_observation","NO","","","","","-10% to 0%"
"PHARMA_SHOCK","2026-09-09T19:00:34.536029+00:00","scheduler","OLMA","OLMA","10.52","10.359999656677246","-1.520916","-10% to 0%","first_scan_observation","NO","","","","","-10% to 0%"
"LOTTERY_RAW","2026-09-09T13:03:16.719791+00:00","launch_control_full_terminal","KKITT","KITT","0.71","0.6990000009536743","-1.549296","-10% to 0%","first_scan_observation","NO","","","","","-10% to 0%"
"STRATEGY","2026-09-09T04:00:33.374529+00:00","scheduler","GPRK","GPRK","12.1","11.90999984741211","-1.570249","-10% to 0%","first_scan_observation","NO","","","","","-10% to 0%"
"LOTTERY_RAW","2026-09-09T04:00:33.374529+00:00","scheduler","AAGNC","AGNC","10.68","10.510000228881836","-1.591758","-10% to 0%","first_scan_observation","NO","","","","","-10% to 0%"
"STRATEGY","2026-09-09T14:00:37.962015+00:00","scheduler","XXP","XP","19.35","19.040000915527344","-1.602062","-10% to 0%","first_scan_observation","NO","","","","","-10% to 0%"
"STRATEGY","2026-09-09T12:01:05.194142+00:00","scheduler","ORCU","ORCU","9.51","9.350000381469727","-1.682436","-10% to 0%","first_scan_observation","NO","","","","","-10% to 0%"
"STRATEGY","2026-09-09T04:00:33.374529+00:00","scheduler","ABM","ABM","50.6","49.7400016784668","-1.699601","-10% to 0%","first_scan_observation","NO","","","","","-10% to 0%"
"LOTTERY_RAW","2026-09-09T04:00:33.374529+00:00","scheduler","KKPTI","KPTI","1.72","1.690000057220459","-1.744183","-10% to 0%","first_scan_observation","NO","","","","","-10% to 0%"
"STRATEGY","2026-09-09T04:00:33.374529+00:00","scheduler","CPRT","CPRT","32.6","32.029998779296875","-1.74847","-10% to 0%","first_scan_observation","NO","","","","","-10% to 0%"
"STRATEGY","2026-09-09T04:00:33.374529+00:00","scheduler","WWLTH","WLTH","9.63","9.460000038146973","-1.765316","-10% to 0%","first_scan_observation","NO","","","","","-10% to 0%"
"LOTTERY_RAW","2026-09-09T04:00:33.374529+00:00","scheduler","NNUAI","NUAI","6.6","6.480000019073486","-1.818182","-10% to 0%","first_scan_observation","NO","","","","","-10% to 0%"
"LOTTERY_RAW","2026-09-09T04:00:33.374529+00:00","scheduler","BOXL","BOXL","5.88","5.769999980926514","-1.870749","-10% to 0%","first_scan_observation","NO","","","","","-10% to 0%"
"LOTTERY_RAW","2026-09-09T04:00:33.374529+00:00","scheduler","XXRX","XRX","3.2","3.140000104904175","-1.874997","-10% to 0%","first_scan_observation","NO","","","","","-10% to 0%"
"LOTTERY_RAW","2026-09-09T04:00:33.374529+00:00","scheduler","DDVLT","DVLT","0.21","0.20600000023841858","-1.904762","-10% to 0%","first_scan_observation","NO","","","","","-10% to 0%"
"LOTTERY_RAW","2026-09-09T14:00:37.962015+00:00","scheduler","NNIU","NIU","2.09","2.049999952316284","-1.913878","-10% to 0%","first_scan_observation","NO","","","","","-10% to 0%"
"STRATEGY","2026-09-09T04:00:33.374529+00:00","scheduler","AAEO","AEO","17.22","16.889999389648438","-1.91638","-10% to 0%","first_scan_observation","NO","","","","","-10% to 0%"
"LOTTERY_RAW","2026-09-09T04:00:33.374529+00:00","scheduler","WDH","WDH","1.04","1.0199999809265137","-1.923079","-10% to 0%","first_scan_observation","NO","","","","","-10% to 0%"
"PHARMA_SHOCK","2026-09-09T04:00:33.374529+00:00","scheduler","AZN","AZN","160.04","156.94000244140625","-1.937014","-10% to 0%","first_scan_observation","NO","","","","","-10% to 0%"
"STRATEGY","2026-09-09T04:00:33.374529+00:00","scheduler","NB","NB","4.12","4.039999961853027","-1.941748","-10% to 0%","first_scan_observation","NO","","","","","-10% to 0%"
"STRATEGY","2026-09-09T19:00:34.536029+00:00","scheduler","OOPFI","OPFI","7.68","7.53000020980835","-1.953122","-10% to 0%","first_scan_observation","NO","","","","","-10% to 0%"
"LOTTERY_RAW","2026-09-09T04:00:33.374529+00:00","scheduler","TWG","TWG","0.5198","0.5095000267028809","-1.981526","-10% to 0%","first_scan_observation","NO","","","","","-10% to 0%"
"STRATEGY","2026-09-09T04:00:33.374529+00:00","scheduler","MMLYS","MLYS","31.12","30.5","-1.992288","-10% to 0%","first_scan_observation","NO","","","","","-10% to 0%"
"LOTTERY_RAW","2026-09-09T16:00:43.108772+00:00","scheduler","WWYFI","WYFI","19.72","19.309999465942383","-2.07911","-10% to 0%","first_scan_observation","NO","","","","","-10% to 0%"
"LOTTERY_RAW","2026-09-09T04:00:33.374529+00:00","scheduler","SVRA","SVRA","5.53","5.414999961853027","-2.079567","-10% to 0%","first_scan_observation","NO","","","","","-10% to 0%"
"LOTTERY_RAW","2026-09-09T04:00:33.374529+00:00","scheduler","NNU","NU","15.33","15.0","-2.152642","-10% to 0%","first_scan_observation","NO","","","","","-10% to 0%"
"LOTTERY_RAW","2026-09-09T04:00:33.374529+00:00","scheduler","HHCWC","HCWC","8.69","8.5","-2.186421","-10% to 0%","first_scan_observation","NO","","","","","-10% to 0%"
"STRATEGY","2026-09-09T04:00:33.374529+00:00","scheduler","BBUD","BUD","79.73","77.9800033569336","-2.194904","-10% to 0%","first_scan_observation","NO","","","","","-10% to 0%"
"LOTTERY_RAW","2026-09-09T14:00:37.962015+00:00","scheduler","TXBC","TXBC","17.59","17.19499969482422","-2.245596","-10% to 0%","first_scan_observation","NO","","","","","-10% to 0%"
"STRATEGY","2026-09-09T04:00:33.374529+00:00","scheduler","AARQT","ARQT","24.39","23.84000015258789","-2.255022","-10% to 0%","first_scan_observation","NO","","","","","-10% to 0%"
"LOTTERY_RAW","2026-09-09T14:00:37.962015+00:00","scheduler","TTENX","TENX","2.18","2.130000114440918","-2.293573","-10% to 0%","first_scan_observation","NO","","","","","-10% to 0%"
"STRATEGY","2026-09-09T04:00:33.374529+00:00","scheduler","ZZIM","ZIM","30.08","29.3799991607666","-2.32713","-10% to 0%","first_scan_observation","NO","","","","","-10% to 0%"
"LOTTERY_RAW","2026-09-09T04:00:33.374529+00:00","scheduler","BBTBT","BTBT","1.7","1.659999966621399","-2.352943","-10% to 0%","first_scan_observation","NO","","","","","-10% to 0%"
"LOTTERY_RAW","2026-09-09T13:03:16.719791+00:00","launch_control_full_terminal","AUXX","AUXX","7.21","7.039999961853027","-2.357837","-10% to 0%","first_scan_observation","NO","","","","","-10% to 0%"
"LOTTERY_RAW","2026-09-09T12:01:05.194142+00:00","scheduler","NNIO","NIO","3.79","3.700000047683716","-2.374669","-10% to 0%","first_scan_observation","NO","","","","","-10% to 0%"
"LOTTERY_RAW","2026-09-09T04:00:33.374529+00:00","scheduler","JACK","JACK","15.16","14.779999732971191","-2.506598","-10% to 0%","first_scan_observation","NO","","","","","-10% to 0%"
"LOTTERY_RAW","2026-09-09T04:00:33.374529+00:00","scheduler","PPRME","PRME","3.56","3.4700000286102295","-2.528089","-10% to 0%","first_scan_observation","NO","","","","","-10% to 0%"
"LOTTERY_RAW","2026-09-09T04:00:33.374529+00:00","scheduler","DDFSC","DFSC","1.55","1.5099999904632568","-2.580646","-10% to 0%","first_scan_observation","NO","","","","","-10% to 0%"
"STRATEGY","2026-09-09T14:00:37.962015+00:00","scheduler","AASST","ASST","27.41","26.690000534057617","-2.626777","-10% to 0%","first_scan_observation","NO","","","","","-10% to 0%"
"STRATEGY","2026-09-09T14:00:37.962015+00:00","scheduler","LLABX","LABX","11.65","11.34000015258789","-2.660943","-10% to 0%","first_scan_observation","NO","","","","","-10% to 0%"
"STRATEGY","2026-09-09T12:01:05.194142+00:00","scheduler","BITU","BITU","13.9205","13.550000190734863","-2.661541","-10% to 0%","first_scan_observation","NO","","","","","-10% to 0%"
"LOTTERY_RAW","2026-09-09T12:01:05.194142+00:00","scheduler","BBITX","BITX","17.96","17.479999542236328","-2.672608","-10% to 0%","first_scan_observation","NO","","","","","-10% to 0%"
"LOTTERY_RAW","2026-09-09T04:00:33.374529+00:00","scheduler","BBTDR","BTDR","12.67","12.329999923706055","-2.683505","-10% to 0%","first_scan_observation","NO","","","","","-10% to 0%"
"LOTTERY_RAW","2026-09-09T04:00:33.374529+00:00","scheduler","MMXC","MXC","11.04","10.739999771118164","-2.717393","-10% to 0%","first_scan_observation","NO","","","","","-10% to 0%"
"STRATEGY","2026-09-09T04:00:33.374529+00:00","scheduler","DSGX","DSGX","75.56","73.44000244140625","-2.805714","-10% to 0%","first_scan_observation","NO","","","","","-10% to 0%"
"LOTTERY_RAW","2026-09-09T13:03:16.719791+00:00","launch_control_full_terminal","MMETQ","METQ","19.07","18.520099639892578","-2.883589","-10% to 0%","first_scan_observation","NO","","","","","-10% to 0%"
"STRATEGY","2026-09-09T14:00:37.962015+00:00","scheduler","AAMBA","AMBA","70.88","68.80000305175781","-2.934533","-10% to 0%","first_scan_observation","NO","","","","","-10% to 0%"
"LOTTERY_RAW","2026-09-09T04:00:33.374529+00:00","scheduler","SPRY","SPRY","5.39","5.230000019073486","-2.96846","-10% to 0%","first_scan_observation","NO","","","","","-10% to 0%"
"LOTTERY_RAW","2026-09-09T04:00:33.374529+00:00","scheduler","GGPRO","GPRO","1.46","1.4149999618530273","-3.082194","-10% to 0%","first_scan_observation","NO","","","","","-10% to 0%"
"LOTTERY_RAW","2026-09-09T12:01:05.194142+00:00","scheduler","SOUX","SOUX","10.32","9.998299598693848","-3.117252","-10% to 0%","first_scan_observation","NO","","","","","-10% to 0%"
"LOTTERY_RAW","2026-09-09T04:00:33.374529+00:00","scheduler","ISPC","ISPC","1.6","1.5499999523162842","-3.125003","-10% to 0%","first_scan_observation","NO","","","","","-10% to 0%"
"LOTTERY_RAW","2026-09-09T04:00:33.374529+00:00","scheduler","PPATH","PATH","14.01","13.569999694824219","-3.140616","-10% to 0%","first_scan_observation","NO","","","","","-10% to 0%"
"LOTTERY_RAW","2026-09-09T04:00:33.374529+00:00","scheduler","SSNDQ","SNDQ","11.77","11.399999618530273","-3.143589","-10% to 0%","first_scan_observation","NO","","","","","-10% to 0%"
"STRATEGY","2026-09-09T12:01:05.194142+00:00","scheduler","ETHU","ETHU","26.9284","26.079999923706055","-3.150577","-10% to 0%","first_scan_observation","NO","","","","","-10% to 0%"
"CORE","2026-09-09T04:00:33.374529+00:00","scheduler","UPXI","UPXI","1.07","1.034999966621399","-3.271031","-10% to 0%","first_scan_observation","NO","","","","","-10% to 0%"
"LOTTERY_RAW","2026-09-09T04:00:33.374529+00:00","scheduler","SMR","SMR","11.18","10.8100004196167","-3.309477","-10% to 0%","first_scan_observation","NO","","","","","-10% to 0%"
"LOTTERY_RAW","2026-09-09T12:01:05.194142+00:00","scheduler","RRITR","RITR","0.09","0.08699999749660492","-3.333336","-10% to 0%","first_scan_observation","NO","","","","","-10% to 0%"
"LOTTERY_RAW","2026-09-09T04:00:33.374529+00:00","scheduler","GRPN","GRPN","18.95","18.299999237060547","-3.430083","-10% to 0%","first_scan_observation","NO","","","","","-10% to 0%"
"CORE","2026-09-09T04:00:33.374529+00:00","scheduler","SAIL","SAIL","18.21","17.579999923706055","-3.459638","-10% to 0%","first_scan_observation","NO","","","","","-10% to 0%"
"CORE","2026-09-09T04:00:33.374529+00:00","scheduler","OXM","OXM","31.75","30.649999618530273","-3.464568","-10% to 0%","first_scan_observation","NO","","","","","-10% to 0%"
"CORE","2026-09-09T04:00:33.374529+00:00","scheduler","RR","RR","1.73","1.6699999570846558","-3.468211","-10% to 0%","first_scan_observation","NO","","","","","-10% to 0%"
"LOTTERY_RAW","2026-09-09T04:00:33.374529+00:00","scheduler","EEOSE","EOSE","4.3","4.150000095367432","-3.48837","-10% to 0%","first_scan_observation","NO","","","","","-10% to 0%"
"LOTTERY_RAW","2026-09-09T04:00:33.374529+00:00","scheduler","WYHG","WYHG","5.16","4.980000019073486","-3.488372","-10% to 0%","first_scan_observation","NO","","","","","-10% to 0%"
"LOTTERY_RAW","2026-09-09T04:00:33.374529+00:00","scheduler","TRUG","TRUG","0.4124","0.3977999985218048","-3.540253","-10% to 0%","first_scan_observation","NO","","","","","-10% to 0%"
"LOTTERY_RAW","2026-09-09T04:00:33.374529+00:00","scheduler","RRGTI","RGTI","15.81","15.239999771118164","-3.605315","-10% to 0%","first_scan_observation","NO","","","","","-10% to 0%"
"LOTTERY_RAW","2026-09-09T16:00:43.108772+00:00","scheduler","CCHRN","CHRN","18.87","18.18000030517578","-3.656596","-10% to 0%","first_scan_observation","NO","","","","","-10% to 0%"
"PHARMA_SHOCK","2026-09-09T04:00:33.374529+00:00","scheduler","PBYI","PBYI","9.4","9.050000190734863","-3.723402","-10% to 0%","first_scan_observation","NO","","","","","-10% to 0%"
"LOTTERY_RAW","2026-09-09T14:00:37.962015+00:00","scheduler","SKHN","SKHN","9.83","9.460000038146973","-3.763987","-10% to 0%","first_scan_observation","NO","","","","","-10% to 0%"
"PHARMA_SHOCK","2026-09-09T13:03:16.719791+00:00","launch_control_full_terminal","RZLT","RZLT","4.22","4.059999942779541","-3.791471","-10% to 0%","first_scan_observation","NO","","","","","-10% to 0%"
"LOTTERY_RAW","2026-09-09T12:01:05.194142+00:00","scheduler","HDL","HDL","12.49","12.0","-3.923139","-10% to 0%","first_scan_observation","NO","","","","","-10% to 0%"
"LOTTERY_RAW","2026-09-09T04:00:33.374529+00:00","scheduler","PPLUG","PLUG","2.26","2.1700000762939453","-3.982298","-10% to 0%","first_scan_observation","NO","","","","","-10% to 0%"
"LOTTERY_RAW","2026-09-09T14:00:37.962015+00:00","scheduler","GGRAG","GRAG","4.42","4.240499973297119","-4.061087","-10% to 0%","first_scan_observation","NO","","","","","-10% to 0%"
"LOTTERY_RAW","2026-09-09T04:00:33.374529+00:00","scheduler","F","F","14.02","13.449999809265137","-4.065622","-10% to 0%","first_scan_observation","NO","","","","","-10% to 0%"
"LOTTERY_RAW","2026-09-09T12:01:05.194142+00:00","scheduler","LLITZ","LITZ","6.59","6.320000171661377","-4.097114","-10% to 0%","first_scan_observation","NO","","","","","-10% to 0%"
"STRATEGY","2026-09-09T14:00:37.962015+00:00","scheduler","MMVLL","MVLL","30.41","29.15999984741211","-4.11049","-10% to 0%","first_scan_observation","NO","","","","","-10% to 0%"
"LOTTERY_RAW","2026-09-09T04:00:33.374529+00:00","scheduler","NNTLA","NTLA","12.74","12.210000038146973","-4.160125","-10% to 0%","first_scan_observation","NO","","","","","-10% to 0%"
"LOTTERY_RAW","2026-09-09T13:03:16.719791+00:00","launch_control_full_terminal","SSTLU","STLU","17.75","17.0","-4.225352","-10% to 0%","first_scan_observation","NO","","","","","-10% to 0%"
"PHARMA_SHOCK","2026-09-09T12:01:05.194142+00:00","scheduler","CRVS","CRVS","13.92","13.329999923706055","-4.238506","-10% to 0%","first_scan_observation","NO","","","","","-10% to 0%"
"LOTTERY_RAW","2026-09-09T04:00:33.374529+00:00","scheduler","PPCG","PCG","14.82","14.1899995803833","-4.251015","-10% to 0%","first_scan_observation","NO","","","","","-10% to 0%"
"LOTTERY_RAW","2026-09-09T04:00:33.374529+00:00","scheduler","HCWB","HCWB","2.57","2.4600000381469727","-4.280154","-10% to 0%","first_scan_observation","NO","","","","","-10% to 0%"
"PHARMA_SHOCK","2026-09-09T04:00:33.374529+00:00","scheduler","CATX","CATX","3.125","2.990000009536743","-4.32","-10% to 0%","first_scan_observation","NO","","","","","-10% to 0%"
"LOTTERY_RAW","2026-09-09T04:00:33.374529+00:00","scheduler","OONDS","ONDS","7.62","7.289999961853027","-4.330709","-10% to 0%","first_scan_observation","NO","","","","","-10% to 0%"
"LOTTERY_RAW","2026-09-09T04:00:33.374529+00:00","scheduler","OFAL","OFAL","0.72","0.6873999834060669","-4.52778","-10% to 0%","first_scan_observation","NO","","","","","-10% to 0%"
"STRATEGY","2026-09-09T04:00:33.374529+00:00","scheduler","GFL","GFL","44.01","42.0","-4.567144","-10% to 0%","first_scan_observation","NO","","","","","-10% to 0%"
"STRATEGY","2026-09-09T14:00:37.962015+00:00","scheduler","AAEHR","AEHR","100.17","95.55999755859375","-4.602179","-10% to 0%","first_scan_observation","NO","","","","","-10% to 0%"
"LOTTERY_RAW","2026-09-09T04:00:33.374529+00:00","scheduler","FFRMM","FRMM","4.85","4.619999885559082","-4.74227","-10% to 0%","first_scan_observation","NO","","","","","-10% to 0%"
"LOTTERY_RAW","2026-09-09T12:01:05.194142+00:00","scheduler","SER","SER","2.7","2.569999933242798","-4.814817","-10% to 0%","first_scan_observation","NO","","","","","-10% to 0%"
"LOTTERY_RAW","2026-09-09T12:01:05.194142+00:00","scheduler","AADBT","ADBT","0.33","0.3140000104904175","-4.848482","-10% to 0%","first_scan_observation","NO","","","","","-10% to 0%"
"LOTTERY_RAW","2026-09-09T04:00:33.374529+00:00","scheduler","FRGT","FRGT","1.02","0.9700000286102295","-4.901958","-10% to 0%","first_scan_observation","NO","","","","","-10% to 0%"
"CORE","2026-09-09T04:00:33.374529+00:00","scheduler","ASAN","ASAN","8.68","8.25","-4.953917","-10% to 0%","first_scan_observation","NO","","","","","-10% to 0%"
"LOTTERY_RAW","2026-09-09T04:00:33.374529+00:00","scheduler","CURX","CURX","4.42","4.199999809265137","-4.97738","-10% to 0%","first_scan_observation","NO","","","","","-10% to 0%"
"LOTTERY_RAW","2026-09-09T04:00:33.374529+00:00","scheduler","SSERV","SERV","4.9","4.65500020980835","-4.999996","-10% to 0%","first_scan_observation","NO","","","","","-10% to 0%"
"LOTTERY_RAW","2026-09-09T14:00:37.962015+00:00","scheduler","PPULM","PULM","1.56","1.4800000190734863","-5.128204","-10% to 0%","first_scan_observation","NO","","","","","-10% to 0%"
"LOTTERY_RAW","2026-09-09T19:00:34.536029+00:00","scheduler","MMTEX","MTEX","8.45","8.010000228881836","-5.207098","-10% to 0%","first_scan_observation","NO","","","","","-10% to 0%"
"LOTTERY_RAW","2026-09-09T04:00:33.374529+00:00","scheduler","KKJD","KJD","15.81","14.977499961853027","-5.265655","-10% to 0%","first_scan_observation","NO","","","","","-10% to 0%"
"LOTTERY_RAW","2026-09-09T04:00:33.374529+00:00","scheduler","OLB","OLB","0.354","0.33500000834465027","-5.367229","-10% to 0%","first_scan_observation","NO","","","","","-10% to 0%"
"STRATEGY","2026-09-09T04:00:33.374529+00:00","scheduler","CNM","CNM","44.06","41.599998474121094","-5.583299","-10% to 0%","first_scan_observation","NO","","","","","-10% to 0%"
"LOTTERY_RAW","2026-09-09T12:01:05.194142+00:00","scheduler","IINNV","INNV","11.7","11.029999732971191","-5.726498","-10% to 0%","first_scan_observation","NO","","","","","-10% to 0%"
"LOTTERY_RAW","2026-09-09T12:01:05.194142+00:00","scheduler","CCAL","CAL","12.91","12.149999618530273","-5.886912","-10% to 0%","first_scan_observation","NO","","","","","-10% to 0%"
"LOTTERY_RAW","2026-09-09T04:00:33.374529+00:00","scheduler","QQUA","QUA","14.68","13.76990032196045","-6.199589","-10% to 0%","first_scan_observation","NO","","","","","-10% to 0%"
"STRATEGY","2026-09-09T04:00:33.374529+00:00","scheduler","COO","COO","67.69","63.47999954223633","-6.219531","-10% to 0%","first_scan_observation","NO","","","","","-10% to 0%"
"LOTTERY_RAW","2026-09-09T12:01:05.194142+00:00","scheduler","SSPCH","SPCH","10.44","9.789999961853027","-6.226054","-10% to 0%","first_scan_observation","NO","","","","","-10% to 0%"
"STRATEGY","2026-09-09T04:00:33.374529+00:00","scheduler","FCEL","FCEL","17.71","16.56999969482422","-6.437043","-10% to 0%","first_scan_observation","NO","","","","","-10% to 0%"
"LOTTERY_RAW","2026-09-09T04:00:33.374529+00:00","scheduler","GGRAB","GRAB","3.25","3.0399999618530273","-6.46154","-10% to 0%","first_scan_observation","NO","","","","","-10% to 0%"
"LOTTERY_RAW","2026-09-09T04:00:33.374529+00:00","scheduler","RRXRX","RXRX","3.44","3.2149999141693115","-6.5407","-10% to 0%","first_scan_observation","NO","","","","","-10% to 0%"
"STRATEGY","2026-09-09T04:00:33.374529+00:00","scheduler","QQBTX","QBTX","6.66","6.21999979019165","-6.60661","-10% to 0%","first_scan_observation","NO","","","","","-10% to 0%"
"LOTTERY_RAW","2026-09-09T12:01:05.194142+00:00","scheduler","FFEED","FEED","3.91","3.640000104904175","-6.905368","-10% to 0%","first_scan_observation","NO","","","","","-10% to 0%"
"STRATEGY","2026-09-09T04:00:33.374529+00:00","scheduler","SMU","SMU","8.67","8.069999694824219","-6.920419","-10% to 0%","first_scan_observation","NO","","","","","-10% to 0%"
"STRATEGY","2026-09-09T13:03:16.719791+00:00","launch_control_full_terminal","AAPLX","APLX","9.5","8.84000015258789","-6.947367","-10% to 0%","first_scan_observation","NO","","","","","-10% to 0%"
"LOTTERY_RAW","2026-09-09T12:01:05.194142+00:00","scheduler","BBWOW","BWOW","15.33","14.2568998336792","-7.000001","-10% to 0%","first_scan_observation","NO","","","","","-10% to 0%"
"LOTTERY_RAW","2026-09-09T12:01:05.194142+00:00","scheduler","CCAN","CAN","0.34","0.31619998812675476","-7.000003","-10% to 0%","first_scan_observation","NO","","","","","-10% to 0%"
"LOTTERY_RAW","2026-09-09T04:00:33.374529+00:00","scheduler","PROK","PROK","1.99","1.850000023841858","-7.035175","-10% to 0%","first_scan_observation","NO","","","","","-10% to 0%"
"LOTTERY_RAW","2026-09-09T12:01:05.194142+00:00","scheduler","BBFRG","BFRG","0.53","0.492000013589859","-7.169809","-10% to 0%","first_scan_observation","NO","","","","","-10% to 0%"
"PHARMA_SHOCK","2026-09-09T04:00:33.374529+00:00","scheduler","VOR","VOR","25.04","23.235000610351562","-7.208464","-10% to 0%","first_scan_observation","NO","","","","","-10% to 0%"
"LOTTERY_RAW","2026-09-09T04:00:33.374529+00:00","scheduler","MMRLN","MRLN","3.39","3.140000104904175","-7.374628","-10% to 0%","first_scan_observation","NO","","","","","-10% to 0%"
"LOTTERY_RAW","2026-09-09T04:00:33.374529+00:00","scheduler","VVIDA","VIDA","2.44","2.259999990463257","-7.37705","-10% to 0%","first_scan_observation","NO","","","","","-10% to 0%"
"LOTTERY_RAW","2026-09-09T04:00:33.374529+00:00","scheduler","YYDES","YDES","4.25","3.924999952316284","-7.64706","-10% to 0%","first_scan_observation","NO","","","","","-10% to 0%"
"LOTTERY_RAW","2026-09-09T12:01:05.194142+00:00","scheduler","CCONL","CONL","5.74","5.300000190734863","-7.665502","-10% to 0%","first_scan_observation","NO","","","","","-10% to 0%"
"LOTTERY_RAW","2026-09-09T04:00:33.374529+00:00","scheduler","LLCID","LCID","4.63","4.269999980926514","-7.775378","-10% to 0%","first_scan_observation","NO","","","","","-10% to 0%"
"STRATEGY","2026-09-09T14:00:37.962015+00:00","scheduler","AXTX","AXTX","8.01","7.380000114440918","-7.865167","-10% to 0%","first_scan_observation","NO","","","","","-10% to 0%"
"LOTTERY_RAW","2026-09-09T12:01:05.194142+00:00","scheduler","WWETH","WETH","1.27","1.1699999570846558","-7.874019","-10% to 0%","first_scan_observation","NO","","","","","-10% to 0%"
"LOTTERY_RAW","2026-09-09T04:00:33.374529+00:00","scheduler","LLENZ","LENZ","5.33","4.909999847412109","-7.879928","-10% to 0%","first_scan_observation","NO","","","","","-10% to 0%"
"STRATEGY","2026-09-09T04:00:33.374529+00:00","scheduler","RGTX","RGTX","9.94","9.149999618530273","-7.94769","-10% to 0%","first_scan_observation","NO","","","","","-10% to 0%"
"LOTTERY_RAW","2026-09-09T16:00:43.108772+00:00","scheduler","CCYPH","CYPH","2.67","2.450000047683716","-8.239699","-10% to 0%","first_scan_observation","NO","","","","","-10% to 0%"
"STRATEGY","2026-09-09T04:00:33.374529+00:00","scheduler","DFDV","DFDV","5.94","5.440000057220459","-8.417507","-10% to 0%","first_scan_observation","NO","","","","","-10% to 0%"
"LOTTERY_RAW","2026-09-09T12:01:05.194142+00:00","scheduler","OOKUR","OKUR","3.7","3.380000114440918","-8.648646","-10% to 0%","first_scan_observation","NO","","","","","-10% to 0%"
"LOTTERY_RAW","2026-09-09T04:00:33.374529+00:00","scheduler","MOBX","MOBX","1.27","1.159999966621399","-8.66142","-10% to 0%","first_scan_observation","NO","","","","","-10% to 0%"
"LOTTERY_RAW","2026-09-09T04:00:33.374529+00:00","scheduler","CCIFR","CIFR","18.51","16.899999618530273","-8.698003","-10% to 0%","first_scan_observation","NO","","","","","-10% to 0%"
"LOTTERY_RAW","2026-09-09T13:03:16.719791+00:00","launch_control_full_terminal","CCIIT","CIIT","3.08","2.809999942779541","-8.766236","-10% to 0%","first_scan_observation","NO","","","","","-10% to 0%"
"LOTTERY_RAW","2026-09-09T04:00:33.374529+00:00","scheduler","OORBS","ORBS","1.14","1.0399999618530273","-8.771933","-10% to 0%","first_scan_observation","NO","","","","","-10% to 0%"
"LOTTERY_RAW","2026-09-09T04:00:33.374529+00:00","scheduler","VELO","VELO","11.96","10.90999984741211","-8.779265","-10% to 0%","first_scan_observation","NO","","","","","-10% to 0%"
"LOTTERY_RAW","2026-09-09T04:00:33.374529+00:00","scheduler","PPLCE","PLCE","2.79","2.5399999618530273","-8.960575","-10% to 0%","first_scan_observation","NO","","","","","-10% to 0%"
"STRATEGY","2026-09-09T12:01:05.194142+00:00","scheduler","CRCG","CRCG","17.59","16.010000228881836","-8.982375","-10% to 0%","first_scan_observation","NO","","","","","-10% to 0%"
"LOTTERY_RAW","2026-09-09T16:00:43.108772+00:00","scheduler","HPAI","HPAI","0.3289","0.29919999837875366","-9.030101","-10% to 0%","first_scan_observation","NO","","","","","-10% to 0%"
"LOTTERY_RAW","2026-09-09T04:00:33.374529+00:00","scheduler","GCDT","GCDT","0.7039","0.6383000016212463","-9.319505","-10% to 0%","first_scan_observation","NO","","","","","-10% to 0%"
"LOTTERY_RAW","2026-09-09T12:01:05.194142+00:00","scheduler","CCGNT","CGNT","8.99","8.149999618530273","-9.343719","-10% to 0%","first_scan_observation","NO","","","","","-10% to 0%"
"LOTTERY_RAW","2026-09-09T04:00:33.374529+00:00","scheduler","GGMEX","GMEX","0.63","0.5710999965667725","-9.349207","-10% to 0%","first_scan_observation","NO","","","","","-10% to 0%"
"LOTTERY_RAW","2026-09-09T04:00:33.374529+00:00","scheduler","TDOT","TDOT","14.9","13.484600067138672","-9.499328","-10% to 0%","first_scan_observation","NO","","","","","-10% to 0%"
"LOTTERY_RAW","2026-09-09T12:01:05.194142+00:00","scheduler","IIMNN","IMNN","1.67","1.5099999904632568","-9.580839","-10% to 0%","first_scan_observation","NO","","","","","-10% to 0%"
"LOTTERY_RAW","2026-09-09T12:01:05.194142+00:00","scheduler","ZZSTK","ZSTK","4.7","4.235000133514404","-9.893614","-10% to 0%","first_scan_observation","NO","","","","","-10% to 0%"
"LOTTERY_RAW","2026-09-09T14:00:37.962015+00:00","scheduler","LLASE","LASE","0.89","0.8011999726295471","-9.977531","-10% to 0%","first_scan_observation","NO","","","","","-10% to 0%"
"LOTTERY_RAW","2026-09-09T12:01:05.194142+00:00","scheduler","MSTX","MSTX","16.0757","14.460000038146973","-10.050573","-20% to -10%","first_scan_observation","NO","","","","","-20% to -10%"
"STRATEGY","2026-09-09T04:00:33.374529+00:00","scheduler","CHPT","CHPT","9.96","8.949999809265137","-10.140564","-20% to -10%","first_scan_observation","NO","","","","","-20% to -10%"
"LOTTERY_RAW","2026-09-09T12:01:05.194142+00:00","scheduler","FAMI","FAMI","0.1452","0.12999999523162842","-10.468323","-20% to -10%","first_scan_observation","NO","","","","","-20% to -10%"
"LOTTERY_RAW","2026-09-09T14:00:37.962015+00:00","scheduler","XXHLD","XHLD","11.75","10.510000228881836","-10.55319","-20% to -10%","first_scan_observation","NO","","","","","-20% to -10%"
"LOTTERY_RAW","2026-09-09T04:00:33.374529+00:00","scheduler","SST","SST","4.94","4.409999847412109","-10.728748","-20% to -10%","first_scan_observation","NO","","","","","-20% to -10%"
"STRATEGY","2026-09-09T04:00:33.374529+00:00","scheduler","CHWY","CHWY","23.27","20.75","-10.829394","-20% to -10%","first_scan_observation","NO","","","","","-20% to -10%"
"LOTTERY_RAW","2026-09-09T12:01:05.194142+00:00","scheduler","NNXAT","NXAT","1.47","1.309999942779541","-10.884358","-20% to -10%","first_scan_observation","NO","","","","","-20% to -10%"
"LOTTERY_RAW","2026-09-09T12:01:05.194142+00:00","scheduler","MODD","MODD","3.16","2.809999942779541","-11.075951","-20% to -10%","first_scan_observation","NO","","","","","-20% to -10%"
"STRATEGY","2026-09-09T04:00:33.374529+00:00","scheduler","NNAMS","NAMS","25.63","22.790000915527344","-11.080761","-20% to -10%","first_scan_observation","NO","","","","","-20% to -10%"
"LOTTERY_RAW","2026-09-09T12:01:05.194142+00:00","scheduler","MIMI","MIMI","1.0585","0.9401999711990356","-11.176195","-20% to -10%","first_scan_observation","NO","","","","","-20% to -10%"
"STRATEGY","2026-09-09T04:00:33.374529+00:00","scheduler","IIONL","IONL","13.35","11.789999961853027","-11.685394","-20% to -10%","first_scan_observation","NO","","","","","-20% to -10%"
"LOTTERY_RAW","2026-09-09T12:01:05.194142+00:00","scheduler","SSHEN","SHEN","13.5","11.920000076293945","-11.703703","-20% to -10%","first_scan_observation","NO","","","","","-20% to -10%"
"STRATEGY","2026-09-09T04:00:33.374529+00:00","scheduler","IIONX","IONX","24.28","21.43000030517578","-11.738055","-20% to -10%","first_scan_observation","NO","","","","","-20% to -10%"
"LOTTERY_RAW","2026-09-09T13:03:16.719791+00:00","launch_control_full_terminal","XXPL","XPL","0.7","0.6129999756813049","-12.428575","-20% to -10%","first_scan_observation","NO","","","","","-20% to -10%"
"STRATEGY","2026-09-09T12:01:05.194142+00:00","scheduler","RKLX","RKLX","16.61","14.489999771118164","-12.763397","-20% to -10%","first_scan_observation","NO","","","","","-20% to -10%"
"LOTTERY_RAW","2026-09-09T12:01:05.194142+00:00","scheduler","LLESL","LESL","0.58","0.5023000240325928","-13.396548","-20% to -10%","first_scan_observation","NO","","","","","-20% to -10%"
"LOTTERY_RAW","2026-09-09T12:01:05.194142+00:00","scheduler","SSKDD","SKDD","7.42","6.416999816894531","-13.517523","-20% to -10%","first_scan_observation","NO","","","","","-20% to -10%"
"LOTTERY_RAW","2026-09-09T16:00:43.108772+00:00","scheduler","FTFT","FTFT","2.4209","2.0899999141693115","-13.668474","-20% to -10%","first_scan_observation","NO","","","","","-20% to -10%"
"STRATEGY","2026-09-09T04:00:33.374529+00:00","scheduler","CASY","CASY","733.49","629.030029296875","-14.241499","-20% to -10%","first_scan_observation","NO","","","","","-20% to -10%"
"LOTTERY_RAW","2026-09-09T13:03:16.719791+00:00","launch_control_full_terminal","MMLSS","MLSS","0.49","0.4180000126361847","-14.693875","-20% to -10%","first_scan_observation","NO","","","","","-20% to -10%"
"LOTTERY_RAW","2026-09-09T12:01:05.194142+00:00","scheduler","IIMMX","IMMX","14.5","12.3100004196167","-15.103445","-20% to -10%","first_scan_observation","NO","","","","","-20% to -10%"
"LOTTERY_RAW","2026-09-09T04:00:33.374529+00:00","scheduler","BNC","BNC","5.24","4.429999828338623","-15.458019","-20% to -10%","first_scan_observation","NO","","","","","-20% to -10%"
"STRATEGY","2026-09-09T13:03:16.719791+00:00","launch_control_full_terminal","CCIFG","CIFG","5.17","4.320000171661377","-16.441002","-20% to -10%","first_scan_observation","NO","","","","","-20% to -10%"
"LOTTERY_RAW","2026-09-09T13:03:16.719791+00:00","launch_control_full_terminal","FFBYD","FBYD","8.83","7.360000133514404","-16.64779","-20% to -10%","first_scan_observation","NO","","","","","-20% to -10%"
"LOTTERY_RAW","2026-09-09T13:03:16.719791+00:00","launch_control_full_terminal","CCRGO","CRGO","1.43","1.190000057220459","-16.783213","-20% to -10%","first_scan_observation","NO","","","","","-20% to -10%"
"STRATEGY","2026-09-09T04:00:33.374529+00:00","scheduler","GIII","GIII","33.72","27.540000915527344","-18.327399","-20% to -10%","first_scan_observation","NO","","","","","-20% to -10%"
"STRATEGY","2026-09-09T04:00:33.374529+00:00","scheduler","BRZE","BRZE","30.31","23.725000381469727","-21.725502","Below -20%","first_scan_observation","NO","","","","","Below -20%"
"LOTTERY_RAW","2026-09-09T04:00:33.374529+00:00","scheduler","NUR","NUR","2.09","1.5499999523162842","-25.837323","Below -20%","first_scan_observation","NO","","","","","Below -20%"
"LOTTERY_RAW","2026-09-09T12:01:05.194142+00:00","scheduler","FGL","FGL","9.17","6.789999961853027","-25.954199","Below -20%","first_scan_observation","NO","","","","","Below -20%"
"STRATEGY","2026-09-09T04:00:33.374529+00:00","scheduler","FLWS","FLWS","4.79","3.490000009536743","-27.139875","Below -20%","first_scan_observation","NO","","","","","Below -20%"
"CORE","2026-09-09T04:00:33.374529+00:00","scheduler","RH","RH","196.32","139.3699951171875","-29.008764","Below -20%","first_scan_observation","NO","","","","","Below -20%"
"STRATEGY","2026-09-09T04:00:33.374529+00:00","scheduler","TTAN","TTAN","81.58","57.119998931884766","-29.98284","Below -20%","first_scan_observation","NO","","","","","Below -20%"
"LOTTERY_RAW","2026-09-09T13:03:16.719791+00:00","launch_control_full_terminal","RML","RML","16.92","11.600000381469727","-31.442078","Below -20%","first_scan_observation","NO","","","","","Below -20%"
"LOTTERY_RAW","2026-09-09T04:00:33.374529+00:00","scheduler","SNXX","SNXX","26.5","17.850000381469727","-32.641508","Below -20%","first_scan_observation","NO","","","","","Below -20%"
"LOTTERY_RAW","2026-09-09T13:03:16.719791+00:00","launch_control_full_terminal","TNON","TNON","3.7499","2.440000057220459","-34.931597","Below -20%","first_scan_observation","NO","","","","","Below -20%"
"LOTTERY_RAW","2026-09-09T13:03:16.719791+00:00","launch_control_full_terminal","AGRZ","AGRZ","0.4011","0.2506999969482422","-37.496884","Below -20%","first_scan_observation","NO","","","","","Below -20%"
"LOTTERY_RAW","2026-09-09T16:00:43.108772+00:00","scheduler","FFIAX","FFIAX","17.24","10.119999885559082","-41.299305","Below -20%","first_scan_observation","NO","","","","","Below -20%"
"LOTTERY_RAW","2026-09-09T12:01:05.194142+00:00","scheduler","MMSTX","MMSTX","16.06","8.619999885559082","-46.326277","Below -20%","first_scan_observation","NO","","","","","Below -20%"
"LOTTERY_RAW","2026-09-09T04:00:33.374529+00:00","scheduler","BNR","BNR","26.0","11.989999771118164","-53.884616","Below -20%","first_scan_observation","NO","","","","","Below -20%"
"LOTTERY_RAW","2026-09-09T14:00:37.962015+00:00","scheduler","MGN","MGN","0.6694","0.2757999897003174","-58.798926","Below -20%","first_scan_observation","NO","","","","","Below -20%"
"LOTTERY_RAW","2026-09-09T04:00:33.374529+00:00","scheduler","FF","FF","14.0","5.369999885559082","-61.642858","Below -20%","first_scan_observation","NO","","","","","Below -20%"
"LOTTERY_RAW","2026-09-09T13:03:16.719791+00:00","launch_control_full_terminal","AAUXX","AAUXX","7.21","1.0","-86.130374","Below -20%","first_scan_observation","NO","","","","","Below -20%"
"LOTTERY_RAW","2026-09-09T04:00:33.374529+00:00","scheduler","SSNXX","SSNXX","17.37","1.0","-94.242948","Below -20%","first_scan_observation","NO","","","","","Below -20%"
"LOTTERY_RAW","2026-09-09T04:00:33.374529+00:00","scheduler","WWDH","WWDH","1.07","9.999999747378752e-05","-99.990654","Below -20%","first_scan_observation","NO","","","","","Below -20%"
